{"Attack Success": 53.74625374625375, "Fool rate": 26.473526473526473, "number of patches": 1, "_timestamp": 1657908094, "_runtime": 24021, "_step": 1000, "_wandb": {"runtime": 24027}}