{"Attack Success": 78.92107892107892, "Fool rate": 54.54545454545455, "number of patches": 2, "_timestamp": 1657931691, "_runtime": 21846, "_step": 1000, "_wandb": {"runtime": 21851}}