{"Attack Success": 70.22977022977022, "Fool rate": 42.75724275724276, "number of patches": 2, "_timestamp": 1657400472, "_runtime": 30728, "_step": 1000, "_wandb": {"runtime": 30732}}