{"Attack Success": 37.862137862137864, "Fool rate": 16.883116883116884, "number of patches": 1, "_timestamp": 1657651331, "_runtime": 32470, "_step": 1000, "_wandb": {"runtime": 32477}}