{"Attack Success": 61.23876123876124, "Fool rate": 45.45454545454545, "number of patches": 2, "_timestamp": 1658063025, "_runtime": 43449, "_step": 1000, "_wandb": {"runtime": 43456}}