{"Attack Success": 81.31868131868131, "Fool rate": 57.04295704295704, "number of patches": 3, "_timestamp": 1657506652, "_runtime": 31281, "_step": 1000, "_wandb": {"runtime": 31286}}