{"Attack Success": 74.62537462537462, "Fool rate": 56.14385614385614, "number of patches": 4, "_timestamp": 1657820662, "_runtime": 60655, "_step": 1000, "_wandb": {"runtime": 60659}}