{"Attack Success": 81.51848151848152, "Fool rate": 57.24275724275724, "number of patches": 3, "_timestamp": 1657618633, "_runtime": 31338, "_step": 1000, "_wandb": {"runtime": 31345}}