{"Attack Success": 52.047952047952045, "Fool rate": 22.677322677322678, "number of patches": 1, "_timestamp": 1657549465, "_runtime": 24683, "_step": 1000, "_wandb": {"runtime": 24691}}