{"Attack Success": 37.562437562437566, "Fool rate": 20.87912087912088, "number of patches": 1, "_timestamp": 1658008583, "_runtime": 34844, "_step": 1000, "_wandb": {"runtime": 34850}}