{"Attack Success": 41.658341658341655, "Fool rate": 9.89010989010989, "number of pixels": 1, "_timestamp": 1662343852, "_runtime": 136249, "_step": 1000, "_wandb": {"runtime": 136260}}