{"Attack Success": 83.51648351648352, "Fool rate": 69.63036963036963, "number of patches": 4, "_timestamp": 1658147637, "_runtime": 41928, "_step": 1000, "_wandb": {"runtime": 41936}}