{"Attack Success": 27.906976744186046, "Fool rate": 9.30232558139535, "number of pixels": 4, "_timestamp": 1662970390, "_runtime": 7720, "_step": 42, "_wandb": {"runtime": 7762}}