{"Attack Success": 70.92907092907093, "Fool rate": 44.55544455544455, "number of patches": 2, "_timestamp": 1657580836, "_runtime": 30318, "_step": 1000, "_wandb": {"runtime": 30326}}