{"Attack Success": 44.15584415584416, "Fool rate": 13.686313686313687, "number of pixels": 4, "_timestamp": 1662952892, "_runtime": 164381, "_step": 1000, "_wandb": {"runtime": 164393}}