{"Attack Success": 31.068931068931068, "Fool rate": 9.090909090909092, "number of pixels": 1, "_timestamp": 1663139978, "_runtime": 169490, "_step": 1000, "_wandb": {"runtime": 169500}}