{"Attack Success": 44.642857142857146, "Fool rate": 14.880952380952381, "number of pixels": 3, "_timestamp": 1662626605, "_runtime": 113189, "_step": 839}