{"Attack Success": 55.84415584415584, "Fool rate": 35.764235764235764, "number of patches": 2, "_timestamp": 1657699969, "_runtime": 45326, "_step": 1000, "_wandb": {"runtime": 45331}}