{"Attack Success": 50.64935064935065, "Fool rate": 22.477522477522477, "number of patches": 1, "_timestamp": 1657304966, "_runtime": 25321, "_step": 1000, "_wandb": {"runtime": 25328}}