{"Attack Success": 66.73326673326673, "Fool rate": 48.75124875124875, "number of patches": 3, "_timestamp": 1657754995, "_runtime": 53693, "_step": 1000, "_wandb": {"runtime": 53697}}