{"Attack Success": 96.5034965034965, "Fool rate": 76.02397602397602, "number of patches": 4, "_timestamp": 1657970092, "_runtime": 13801, "_step": 1000, "_wandb": {"runtime": 13808}}