{"Attack Success": 45.05494505494506, "Fool rate": 16.083916083916083, "number of pixels": 3, "_timestamp": 1662771423, "_runtime": 130429, "_step": 1000, "_wandb": {"runtime": 130441}}