{"Attack Success": 75.32467532467533, "Fool rate": 60.739260739260736, "number of patches": 3, "_timestamp": 1658104176, "_runtime": 41016, "_step": 1000, "_wandb": {"runtime": 41021}}