{"Attack Success": 75.62437562437563, "Fool rate": 57.94205794205794, "number of patches": 4, "_timestamp": 1657880084, "_runtime": 59153, "_step": 1000, "_wandb": {"runtime": 59159}}