{"Attack Success": 89.91008991008991, "Fool rate": 67.63236763236763, "number of patches": 3, "_timestamp": 1657950572, "_runtime": 17676, "_step": 1000, "_wandb": {"runtime": 17681}}