{"Attack Success": 45.55444555444556, "Fool rate": 15.084915084915085, "number of pixels": 2, "_timestamp": 1662510166, "_runtime": 150202, "_step": 1000, "_wandb": {"runtime": 150214}}